Product Title,UPC,Product Type,Price (excl. tax),Price (incl. tax),Tax,Availability,Number of reviews
The Lucifer Effect: Understanding How Good People Turn Evil,4e812d32d64e2431,Books,£10.40,£10.40,£0.00,In stock (14 available),0
The Golden Condom: And Other Essays on Love Lost and Found,235fa48eeed11d82,Books,£39.43,£39.43,£0.00,In stock (12 available),0
It Didn't Start with You: How Inherited Family Trauma Shapes Who We Are and How to End the Cycle,ce8666d9b42fc9a0,Books,£56.27,£56.27,£0.00,In stock (11 available),0
An Unquiet Mind: A Memoir of Moods and Madness,46cb43c2ab133ccc,Books,£21.30,£21.30,£0.00,In stock (6 available),0
"Thinking, Fast and Slow",719d72f3ee512dc6,Books,£21.14,£21.14,£0.00,In stock (3 available),0
Civilization and Its Discontents,396385e3de5d18c3,Books,£59.95,£59.95,£0.00,In stock (3 available),0
8 Keys to Mental Health Through Exercise,f5873c8fc7760000,Books,£31.04,£31.04,£0.00,In stock (3 available),0
