Product Title,UPC,Product Type,Price (excl. tax),Price (incl. tax),Tax,Availability,Number of reviews
Without Borders (Wanderlove #1),acddfeab2a407640,Books,£45.07,£45.07,£0.00,In stock (16 available),0
The Mistake (Off-Campus #2),99ff4cc6491e8f5c,Books,£43.29,£43.29,£0.00,In stock (15 available),0
The Matchmaker's Playbook (Wingmen Inc. #1),08db62f24627e71f,Books,£55.85,£55.85,£0.00,In stock (15 available),0
The Hook Up (Game On #1),6e473eff459e809f,Books,£36.29,£36.29,£0.00,In stock (1 available),0
Shameless,c068c013d6921fea,Books,£58.35,£58.35,£0.00,In stock (1 available),0
Off Sides (Off #1),b6f1cfadc4dd79d4,Books,£39.45,£39.45,£0.00,In stock (1 available),0
