Product Title,UPC,Product Type,Price (excl. tax),Price (incl. tax),Tax,Availability,Number of reviews
Soumission,6957f44c3847a760,Books,£50.10,£50.10,£0.00,In stock (20 available),0
Private Paris (Private #10),b12b89017878a60d,Books,£47.61,£47.61,£0.00,In stock (17 available),0
"We Love You, Charlie Freeman",8d455c7539795d2a,Books,£50.27,£50.27,£0.00,In stock (16 available),0
Thirst,709822d0b5bcb7f4,Books,£17.27,£17.27,£0.00,In stock (16 available),0
The Murder That Never Was (Forensic Instincts #5),d01ac97e2b8947c2,Books,£54.11,£54.11,£0.00,In stock (16 available),0
Tuesday Nights in 1980,b8736690cf263a3c,Books,£21.04,£21.04,£0.00,In stock (15 available),0
The Vacationers,fd3a622648667296,Books,£42.15,£42.15,£0.00,In stock (15 available),0
The Regional Office Is Under Attack!,0651062381f0636a,Books,£51.36,£51.36,£0.00,In stock (15 available),0
Finders Keepers (Bill Hodges Trilogy #2),edb3097e71330040,Books,£53.53,£53.53,£0.00,In stock (15 available),0
The Time Keeper,e9906e2f0d189745,Books,£27.88,£27.88,£0.00,In stock (14 available),0
The Testament of Mary,081305e6df719dff,Books,£52.67,£52.67,£0.00,In stock (14 available),0
The First Hostage (J.B. Collins #2),a86972014275e072,Books,£25.85,£25.85,£0.00,In stock (14 available),0
Take Me with You,2c04320e110a14a3,Books,£45.21,£45.21,£0.00,In stock (14 available),0
Still Life with Bread Crumbs,fe44cc816576c652,Books,£26.41,£26.41,£0.00,In stock (14 available),0
Shtum,830fb3967c74866d,Books,£55.84,£55.84,£0.00,In stock (14 available),0
My Name Is Lucy Barton,727bf2b86b19ad88,Books,£41.56,£41.56,£0.00,In stock (14 available),0
My Mrs. Brown,cc82685d9f49bc2c,Books,£24.48,£24.48,£0.00,In stock (14 available),0
Mr. Mercedes (Bill Hodges Trilogy #1),caa2e5b3fb1b2d4c,Books,£28.90,£28.90,£0.00,In stock (14 available),0
I Am Pilgrim (Pilgrim #1),aeff7b87a8e83ebb,Books,£10.60,£10.60,£0.00,In stock (14 available),0
Eligible (The Austen Project #4),9eaf58b03a2779cc,Books,£27.09,£27.09,£0.00,In stock (14 available),0
Eight Hundred Grapes,1d6dd0c87d90fe92,Books,£14.39,£14.39,£0.00,In stock (14 available),0
Dear Mr. Knightley,94a958ea126cdcd5,Books,£11.21,£11.21,£0.00,In stock (14 available),0
Cometh the Hour (The Clifton Chronicles #6),28cf0d1c51b491e5,Books,£25.01,£25.01,£0.00,In stock (14 available),0
Balloon Animals,9b65f676984c9f0c,Books,£17.03,£17.03,£0.00,In stock (14 available),0
A Man Called Ove,8682c03de6a844ff,Books,£39.72,£39.72,£0.00,In stock (14 available),0
The Silent Sister (Riley MacPherson #1),ce1ae197ada2aec4,Books,£46.29,£46.29,£0.00,In stock (12 available),0
The Dinner Party,c6ca293d4810e0d5,Books,£56.54,£56.54,£0.00,In stock (12 available),0
The Improbability of Love,437d8dea9272d0a9,Books,£59.45,£59.45,£0.00,In stock (11 available),0
Mothering Sunday,47e1b2d43f709995,Books,£13.34,£13.34,£0.00,In stock (11 available),0
Lies and Other Acts of Love,469508882dfc1991,Books,£45.14,£45.14,£0.00,In stock (11 available),0
Daredevils,f608c903c451f387,Books,£16.34,£16.34,£0.00,In stock (11 available),0
11/22/63,a9d7b75461084a26,Books,£48.48,£48.48,£0.00,In stock (11 available),0
The Shack,903a9f8090104c2c,Books,£28.03,£28.03,£0.00,In stock (9 available),0
The High Mountains of Portugal,4f283dfcbeccc0d4,Books,£51.15,£51.15,£0.00,In stock (8 available),0
Miller's Valley,bff270fe9c86a5a9,Books,£58.54,£58.54,£0.00,In stock (8 available),0
Hystopia: A Novel,0bfdef63285d3019,Books,£21.96,£21.96,£0.00,In stock (8 available),0
The Bourne Identity (Jason Bourne #1),d250657f0ebc5d73,Books,£42.78,£42.78,£0.00,In stock (7 available),0
Sister Dear,7ffebdd1d5148aef,Books,£40.20,£40.20,£0.00,In stock (7 available),0
Memoirs of a Geisha,dac4b5847454fd9b,Books,£49.67,£49.67,£0.00,In stock (7 available),0
Me Before You (Me Before You #1),7a2b51f69e81c722,Books,£19.02,£19.02,£0.00,In stock (6 available),0
Deception Point,4e3b183180e2a992,Books,£40.32,£40.32,£0.00,In stock (6 available),0
The Little Paris Bookshop,dfd9ff1f343cdaff,Books,£24.73,£24.73,£0.00,In stock (5 available),0
The Firm,ad84f18659e6bfe2,Books,£45.56,£45.56,£0.00,In stock (5 available),0
The Expatriates,fe7210553d56c097,Books,£44.58,£44.58,£0.00,In stock (5 available),0
Siddhartha,84bb29c53592ac40,Books,£34.22,£34.22,£0.00,In stock (5 available),0
Last One Home (New Beginnings #1),07e6810fd3236bda,Books,£59.98,£59.98,£0.00,In stock (5 available),0
Digital Fortress,94bb629a3f6dd00b,Books,£58.00,£58.00,£0.00,In stock (5 available),0
Atlas Shrugged,78a4ac98191ac675,Books,£26.58,£26.58,£0.00,In stock (4 available),0
Three-Martini Lunch,57f755143ee96fd4,Books,£23.21,£23.21,£0.00,In stock (3 available),0
The Nightingale,29d6d87f3418638b,Books,£26.26,£26.26,£0.00,In stock (3 available),0
The Infinities,554e9e2d532b3a87,Books,£27.41,£27.41,£0.00,In stock (3 available),0
The Husband's Secret,ff6bb30dd0c482a6,Books,£52.51,£52.51,£0.00,In stock (3 available),0
The Da Vinci Code (Robert Langdon #2),dabf11918b48b40c,Books,£22.96,£22.96,£0.00,In stock (3 available),0
The Art of Fielding,2858ac90c4758e1f,Books,£22.10,£22.10,£0.00,In stock (3 available),0
Lila (Gilead #3),4ef75307fb64e2ad,Books,£12.47,£12.47,£0.00,In stock (3 available),0
Jurassic Park (Jurassic Park #1),a0dd11f6abc421ec,Books,£44.97,£44.97,£0.00,In stock (3 available),0
Inferno (Robert Langdon #4),6c4646d90b60a56c,Books,£41.00,£41.00,£0.00,In stock (3 available),0
Crazy Rich Asians (Crazy Rich Asians #1),c9782ad2a0ed9331,Books,£49.13,£49.13,£0.00,In stock (3 available),0
Big Little Lies,d3f9c4539c0caa64,Books,£22.11,£22.11,£0.00,In stock (3 available),0
The Course of Love,f3c76b53b239f511,Books,£16.78,£16.78,£0.00,In stock (2 available),0
When I'm Gone,c5f91eb481427dc5,Books,£51.96,£51.96,£0.00,In stock (1 available),0
The Silent Wife,b78deb463531d078,Books,£12.34,£12.34,£0.00,In stock (1 available),0
The Bette Davis Club,dfb0849016bc122c,Books,£30.66,£30.66,£0.00,In stock (1 available),0
Kitchens of the Great Midwest,06f6a57a6d532844,Books,£57.20,£57.20,£0.00,In stock (1 available),0
Bright Lines,230ac636ea0ea415,Books,£39.07,£39.07,£0.00,In stock (1 available),0
