Product Title,UPC,Product Type,Price (excl. tax),Price (incl. tax),Tax,Availability,Number of reviews
Birdsong: A Story in Pictures,9528d0948525bf5f,Books,£54.64,£54.64,£0.00,In stock (19 available),0
The Bear and the Piano,9f6568e9c95f60b0,Books,£36.89,£36.89,£0.00,In stock (18 available),0
The Secret of Dreadwillow Carse,b5ea0b5dabed25a8,Books,£56.13,£56.13,£0.00,In stock (16 available),0
The White Cat and the Monk: A Retelling of the Poem “Pangur Bán”,37c0cb19713d8dda,Books,£58.08,£58.08,£0.00,In stock (15 available),0
Little Red,4aa03792b50f0b22,Books,£13.47,£13.47,£0.00,In stock (15 available),0
Walt Disney's Alice in Wonderland,6a31307a81e8f3a8,Books,£12.96,£12.96,£0.00,In stock (14 available),0
Twenty Yawns,1d6443ffba9dfd80,Books,£22.08,£22.08,£0.00,In stock (14 available),0
Rain Fish,a6454e329f872b78,Books,£23.57,£23.57,£0.00,In stock (14 available),0
Once Was a Time,e34efcc824685332,Books,£18.28,£18.28,£0.00,In stock (14 available),0
Luis Paints the World,5b43cae640f2338a,Books,£53.95,£53.95,£0.00,In stock (14 available),0
Nap-a-Roo,913e7109cec0cb4c,Books,£25.08,£25.08,£0.00,In stock (9 available),0
The Whale,0ff9d10864db8364,Books,£35.96,£35.96,£0.00,In stock (7 available),0
"Shrunken Treasures: Literary Classics, Short, Sweet, and Silly",9639e89d20228e6e,Books,£52.87,£52.87,£0.00,In stock (7 available),0
Raymie Nightingale,31c56c4d0fe19340,Books,£34.41,£34.41,£0.00,In stock (7 available),0
Playing from the Heart,68008abf6409dfde,Books,£32.38,£32.38,£0.00,In stock (7 available),0
Maybe Something Beautiful: How Art Transformed a Neighborhood,81c68492ccd72941,Books,£22.54,£22.54,£0.00,In stock (5 available),0
The Wild Robot,75fed6a47f69859d,Books,£56.07,£56.07,£0.00,In stock (3 available),0
The Thing About Jellyfish,3d15714d4d3d15dd,Books,£48.77,£48.77,£0.00,In stock (3 available),0
The Lonely Ones,cf2f27fdf94ba20e,Books,£43.59,£43.59,£0.00,In stock (3 available),0
The Day the Crayons Came Home (Crayons),b22362b434e8ee62,Books,£26.33,£26.33,£0.00,In stock (3 available),0
The Cat in the Hat (Beginner Books B-1),b7f475238ed50429,Books,£16.26,£16.26,£0.00,In stock (3 available),0
Red: The True Story of Red Riding Hood,4c8ece50736f9e88,Books,£28.54,£28.54,£0.00,In stock (3 available),0
Horrible Bear!,cc1ac978a6835ef6,Books,£37.52,£37.52,£0.00,In stock (3 available),0
Green Eggs and Ham (Beginner Books B-16),621e2c310cec8d32,Books,£10.79,£10.79,£0.00,In stock (3 available),0
Counting Thyme,157f693d9e600ccc,Books,£10.62,£10.62,£0.00,In stock (3 available),0
Are We There Yet?,ef9c4f2465513956,Books,£10.66,£10.66,£0.00,In stock (3 available),0
Diary of a Minecraft Zombie Book 1: A Scare of a Dare (An Unofficial Minecraft Book),d7b463918d3b8c39,Books,£52.88,£52.88,£0.00,In stock (2 available),0
Matilda,1053fb7ee17a1f33,Books,£28.34,£28.34,£0.00,In stock (1 available),0
Charlie and the Chocolate Factory (Charlie Bucket #1),1774749f2cee292f,Books,£22.85,£22.85,£0.00,In stock (1 available),0
