Product Title,UPC,Product Type,Price (excl. tax),Price (incl. tax),Tax,Availability,Number of reviews
Worlds Elsewhere: Journeys Around Shakespeare’s Globe,4c28def39d850cdf,Books,£40.30,£40.30,£0.00,In stock (18 available),0
The Five Love Languages: How to Express Heartfelt Commitment to Your Mate,3c039985229453bf,Books,£31.05,£31.05,£0.00,In stock (18 available),0
Reasons to Stay Alive,c8f7f0cb1abb9cac,Books,£26.41,£26.41,£0.00,In stock (17 available),0
#HigherSelfie: Wake Up Your Life. Free Your Soul. Find Your Tribe.,c27f6e1f185b0383,Books,£23.11,£23.11,£0.00,In stock (17 available),0
"Unseen City: The Majesty of Pigeons, the Discreet Charm of Snails & Other Wonders of the Urban Wilderness",d170b5a0da46380e,Books,£44.18,£44.18,£0.00,In stock (16 available),0
Throwing Rocks at the Google Bus: How Growth Became the Enemy of Prosperity,7858914fad68493c,Books,£31.12,£31.12,£0.00,In stock (16 available),0
The Life-Changing Magic of Tidying Up: The Japanese Art of Decluttering and Organizing,0da9aa9d24677fc0,Books,£16.77,£16.77,£0.00,In stock (16 available),0
The Gutsy Girl: Escapades for Your Life of Epic Adventure,acd86a5426e21ca0,Books,£37.13,£37.13,£0.00,In stock (16 available),0
The Electric Pencil: Drawings from Inside State Hospital No. 3,a30b270e25489e5c,Books,£56.06,£56.06,£0.00,In stock (16 available),0
Spark Joy: An Illustrated Master Class on the Art of Organizing and Tidying Up,87b0615b6e1f4d7b,Books,£41.83,£41.83,£0.00,In stock (16 available),0
Reskilling America: Learning to Labor in the Twenty-First Century,d7310206583a54b6,Books,£19.83,£19.83,£0.00,In stock (16 available),0
In the Country We Love: My Family Divided,b136b1b180ca753a,Books,£22.00,£22.00,£0.00,In stock (16 available),0
Everydata: The Misinformation Hidden in the Little Data You Consume Every Day,311c0dd0e354a33e,Books,£54.35,£54.35,£0.00,In stock (16 available),0
Call the Nurse: True Stories of a Country Nurse on a Scottish Isle,bee3672891cca906,Books,£29.14,£29.14,£0.00,In stock (16 available),0
Algorithms to Live By: The Computer Science of Human Decisions,38d45839cb1c83c1,Books,£30.81,£30.81,£0.00,In stock (16 available),0
The Power of Now: A Guide to Spiritual Enlightenment,8ec14b1576cb7cb5,Books,£43.54,£43.54,£0.00,In stock (15 available),0
The Omnivore's Dilemma: A Natural History of Four Meals,209adad1015af86f,Books,£38.21,£38.21,£0.00,In stock (15 available),0
The Genius of Birds,42d0d7c92b75fc1c,Books,£17.24,£17.24,£0.00,In stock (15 available),0
The Artist's Way: A Spiritual Path to Higher Creativity,dd047728de72ad62,Books,£38.49,£38.49,£0.00,In stock (15 available),0
So You've Been Publicly Shamed,1b33663ad7b95fd8,Books,£12.23,£12.23,£0.00,In stock (15 available),0
"Daring Greatly: How the Courage to Be Vulnerable Transforms the Way We Live, Love, Parent, and Lead",3b9a3b4624b7fd6d,Books,£19.43,£19.43,£0.00,In stock (15 available),0
Big Magic: Creative Living Beyond Fear,1f329c2e7d7de8bd,Books,£30.80,£30.80,£0.00,In stock (15 available),0
Becoming Wise: An Inquiry into the Mystery and Art of Living,919e7cb2269a25d2,Books,£27.43,£27.43,£0.00,In stock (15 available),0
Agnostic: A Spirited Manifesto,d195e7f4ed697350,Books,£12.51,£12.51,£0.00,In stock (15 available),0
Whole Lotta Creativity Going On: 60 Fun and Unusual Exercises to Awaken and Strengthen Your Creativity,44a10f1ac8ce822e,Books,£38.20,£38.20,£0.00,In stock (14 available),0
What's It Like in Space?: Stories from Astronauts Who've Been There,6fd646a334e6e133,Books,£19.60,£19.60,£0.00,In stock (14 available),0
The Year of Magical Thinking,34c0d7c4ee5650af,Books,£43.04,£43.04,£0.00,In stock (14 available),0
The Literature Book (Big Ideas Simply Explained),4881cc53f6c8892f,Books,£17.43,£17.43,£0.00,In stock (14 available),0
The Bad-Ass Librarians of Timbuktu: And Their Race to Save the World’s Most Precious Manuscripts,923831a05c9f91f7,Books,£15.77,£15.77,£0.00,In stock (14 available),0
Swell: A Year of Waves,4c8b7540409da4ac,Books,£45.58,£45.58,£0.00,In stock (14 available),0
No Dream Is Too High: Life Lessons From a Man Who Walked on the Moon,132ec5e8c984adef,Books,£21.95,£21.95,£0.00,In stock (14 available),0
Looking for Lovely: Collecting the Moments that Matter,24af96df0bafb925,Books,£29.14,£29.14,£0.00,In stock (14 available),0
Let It Out: A Journey Through Journaling,1174156c4a0eccaa,Books,£26.79,£26.79,£0.00,In stock (14 available),0
Hamilton: The Revolution,afa829857f82f99e,Books,£58.79,£58.79,£0.00,In stock (14 available),0
"Far & Away: Places on the Brink of Change: Seven Continents, Twenty-Five Years",ac4dde0d1be05de0,Books,£15.06,£15.06,£0.00,In stock (14 available),0
"Eaternity: More than 150 Deliciously Easy Vegan Recipes for a Long, Healthy, Satisfied, Joyful Life",a01f6d368ef64dc5,Books,£51.75,£51.75,£0.00,In stock (14 available),0
Buying In: The Secret Dialogue Between What We Buy and Who We Are,16ef91b9d827859c,Books,£37.80,£37.80,£0.00,In stock (14 available),0
Brain on Fire: My Month of Madness,a80f66b254fe9eb3,Books,£49.32,£49.32,£0.00,In stock (14 available),0
Abstract City,cf1aa2fc02a7d1e0,Books,£56.37,£56.37,£0.00,In stock (14 available),0
13 Hours: The Inside Account of What Really Happened In Benghazi,4be9d1910f8a4e80,Books,£27.06,£27.06,£0.00,In stock (13 available),0
The Lonely City: Adventures in the Art of Being Alone,582a21a1dbbef3cf,Books,£33.26,£33.26,£0.00,In stock (12 available),0
The Diary of a Young Girl,54fc03f1e1d355db,Books,£59.90,£59.90,£0.00,In stock (12 available),0
Snatched: How A Drug Queen Went Undercover for the DEA and Was Kidnapped By Colombian Guerillas,f40fea200e0c644f,Books,£21.21,£21.21,£0.00,In stock (12 available),0
Furiously Happy: A Funny Book About Horrible Things,c6a29d6df8de968c,Books,£41.46,£41.46,£0.00,In stock (12 available),0
"The Sleep Revolution: Transforming Your Life, One Night at a Time",985991708c47003e,Books,£11.68,£11.68,£0.00,In stock (11 available),0
"Mother, Can You Not?",28b2df9fadc9f07e,Books,£16.89,£16.89,£0.00,In stock (11 available),0
A Mother's Reckoning: Living in the Aftermath of Tragedy,2b69dec0193511d9,Books,£19.53,£19.53,£0.00,In stock (11 available),0
"10% Happier: How I Tamed the Voice in My Head, Reduced Stress Without Losing My Edge, and Found Self-Help That Actually Works",34669b2e9d407d3a,Books,£24.57,£24.57,£0.00,In stock (10 available),0
Chernobyl 01:23:40: The Incredible True Story of the World's Worst Nuclear Disaster,7186241e043de5dc,Books,£35.92,£35.92,£0.00,In stock (9 available),0
"Zero to One: Notes on Startups, or How to Build the Future",e77033ce559947f7,Books,£34.06,£34.06,£0.00,In stock (8 available),0
Why Not Me?,04f6c929888f4f11,Books,£17.76,£17.76,£0.00,In stock (8 available),0
When Breath Becomes Air,b69c852e7e3956af,Books,£39.36,£39.36,£0.00,In stock (8 available),0
"The Midnight Assassin: Panic, Scandal, and the Hunt for America's First Serial Killer",5a0d2e9284004266,Books,£28.45,£28.45,£0.00,In stock (8 available),0
Smarter Faster Better: The Secrets of Being Productive in Life and Business,a2475a245c9907c4,Books,£38.89,£38.89,£0.00,In stock (8 available),0
Rising Strong,52fc458ffc756faf,Books,£21.82,£21.82,£0.00,In stock (8 available),0
Man's Search for Meaning,4729afff3bea0f0a,Books,£29.48,£29.48,£0.00,In stock (8 available),0
"Love That Boy: What Two Presidents, Eight Road Trips, and My Son Taught Me About a Parent's Expectations",4d3a4c7b442a9a4e,Books,£25.06,£25.06,£0.00,In stock (8 available),0
Living Forward: A Proven Plan to Stop Drifting and Get the Life You Want,044534b0b28b4e87,Books,£12.55,£12.55,£0.00,In stock (8 available),0
I Will Find You,bbf1ea50be8008ab,Books,£44.21,£44.21,£0.00,In stock (8 available),0
Brazen: The Courage to Find the You That's Been Hiding,77e9ea355bd8ae57,Books,£19.22,£19.22,£0.00,In stock (8 available),0
Between the World and Me,04e3de7ac35ec5cd,Books,£56.91,£56.91,£0.00,In stock (8 available),0
Being Mortal: Medicine and What Matters in the End,15ebd83e53d0391b,Books,£55.06,£55.06,£0.00,In stock (8 available),0
"A Murder Over a Girl: Justice, Gender, Junior High",fef91502cbacf23a,Books,£13.20,£13.20,£0.00,In stock (8 available),0
For the Love: Fighting for Grace in a World of Impossible Standards,2e40333991f56f45,Books,£45.13,£45.13,£0.00,In stock (7 available),0
Finding God in the Ruins: How God Redeems Pain,4e78f06160b717ac,Books,£46.64,£46.64,£0.00,In stock (7 available),0
The Man Who Mistook His Wife for a Hat and Other Clinical Tales,60376aa71be66083,Books,£59.45,£59.45,£0.00,In stock (6 available),0
In Cold Blood,fe0f34ebed689381,Books,£49.98,£49.98,£0.00,In stock (6 available),0
"Girl, Interrupted",384c7d41d5ffe9d1,Books,£42.14,£42.14,£0.00,In stock (6 available),0
Why Save the Bankers?: And Other Essays on Our Economic and Political Crisis,759ee7d059b1beb8,Books,£48.67,£48.67,£0.00,In stock (5 available),0
Talking to Girls About Duran Duran: One Young Man's Quest for True Love and a Cooler Haircut,1dba84766a5e87b8,Books,£25.15,£25.15,£0.00,In stock (5 available),0
My Mother Was Nuts,a4ce39a3720cd679,Books,£31.63,£31.63,£0.00,In stock (5 available),0
"Data, A Love Story: How I Gamed Online Dating to Meet My Match",bcf567421c581f0a,Books,£32.35,£32.35,£0.00,In stock (5 available),0
The Jazz of Physics: The Secret Link Between Music and the Structure of the Universe,6a57286a8890d8c5,Books,£38.71,£38.71,£0.00,In stock (4 available),0
The Gunning of America: Business and the Making of American Gun Culture,45033bdf3d9ed158,Books,£16.81,£16.81,£0.00,In stock (4 available),0
The Geography of Bliss: One Grump's Search for the Happiest Places in the World,c65ee14957c0fa5c,Books,£28.23,£28.23,£0.00,In stock (4 available),0
God Is Not Great: How Religion Poisons Everything,ddbc5530d2939d49,Books,£27.80,£27.80,£0.00,In stock (4 available),0
We the People: The Modern-Day Figures Who Have Reshaped and Affirmed the Founding Fathers' Vision of America,06bab964fd536971,Books,£31.95,£31.95,£0.00,In stock (3 available),0
Very Good Lives: The Fringe Benefits of Failure and the Importance of Imagination,52aa3d79b1cee455,Books,£50.66,£50.66,£0.00,In stock (3 available),0
"Unstuffed: Decluttering Your Home, Mind, and Soul",b830685072fa871f,Books,£58.09,£58.09,£0.00,In stock (3 available),0
Under the Banner of Heaven: A Story of Violent Faith,599a4f98bb193368,Books,£30.00,£30.00,£0.00,In stock (3 available),0
"Trespassing Across America: One Man's Epic, Never-Done-Before (and Sort of Illegal) Hike Across the Heartland",2173a2ce35f6ace1,Books,£53.51,£53.51,£0.00,In stock (3 available),0
The Name of God is Mercy,0baf71623648413a,Books,£37.25,£37.25,£0.00,In stock (3 available),0
Stiff: The Curious Lives of Human Cadavers,a11ae5f07572ef49,Books,£36.74,£36.74,£0.00,In stock (3 available),0
Spilled Milk: Based on a True Story,f08667e4c0458f37,Books,£49.51,£49.51,£0.00,In stock (3 available),0
"Rise of the Rocket Girls: The Women Who Propelled Us, from Missiles to the Moon to Mars",89cad3f37c9ce226,Books,£41.67,£41.67,£0.00,In stock (3 available),0
Outliers: The Story of Success,09a7b0b566ad6225,Books,£14.16,£14.16,£0.00,In stock (3 available),0
Notes from a Small Island (Notes From a Small Island #1),cb65e49993db9a93,Books,£40.17,£40.17,£0.00,In stock (3 available),0
Night (The Night Trilogy #1),c4d9fce9eff3b8ba,Books,£13.51,£13.51,£0.00,In stock (3 available),0
"Miracles from Heaven: A Little Girl, Her Journey to Heaven, and Her Amazing Story of Healing",7980fa06f2b704d8,Books,£57.83,£57.83,£0.00,In stock (3 available),0
Letter to a Christian Nation,1de75f05d57bfc10,Books,£22.20,£22.20,£0.00,In stock (3 available),0
Let's Pretend This Never Happened: A Mostly True Memoir,1246e4ffeb5ac4ea,Books,£45.11,£45.11,£0.00,In stock (3 available),0
It's Never Too Late to Begin Again: Discovering Creativity and Meaning at Midlife and Beyond,d4a29356fc992879,Books,£42.38,£42.38,£0.00,In stock (3 available),0
Into the Wild,a7c3f1010d64799a,Books,£56.70,£56.70,£0.00,In stock (3 available),0
"In the Garden of Beasts: Love, Terror, and an American Family in Hitler's Berlin",d8292cd5f1aca291,Books,£28.85,£28.85,£0.00,In stock (3 available),0
I Am Malala: The Girl Who Stood Up for Education and Was Shot by the Taliban,8010c7c148057fd3,Books,£28.88,£28.88,£0.00,In stock (3 available),0
Gratitude,c300cc9326592b65,Books,£26.66,£26.66,£0.00,In stock (3 available),0
Disrupted: My Misadventure in the Start-Up Bubble,81372abc86f65c79,Books,£15.28,£15.28,£0.00,In stock (3 available),0
Brave Enough,fd2337c1b73b686e,Books,£51.32,£51.32,£0.00,In stock (3 available),0
"Born to Run: A Hidden Tribe, Superathletes, and the Greatest Race the World Has Never Seen",e256de8aa0c2115f,Books,£27.35,£27.35,£0.00,In stock (3 available),0
Blink: The Power of Thinking Without Thinking,0bbc48294707ba96,Books,£21.74,£21.74,£0.00,In stock (3 available),0
Black Flags: The Rise of ISIS,860318b8e244f39c,Books,£40.87,£40.87,£0.00,In stock (3 available),0
Are We Smart Enough to Know How Smart Animals Are?,da0349a87c8caa2f,Books,£56.58,£56.58,£0.00,In stock (3 available),0
A Walk in the Woods: Rediscovering America on the Appalachian Trail,bcee4f289ff6699c,Books,£30.48,£30.48,£0.00,In stock (3 available),0
"The Suffragettes (Little Black Classics, #96)",d2185b65af52d68c,Books,£11.89,£11.89,£0.00,In stock (2 available),0
Kindle Paperwhite User's Guide,fb495f9f9015a772,Books,£34.00,£34.00,£0.00,In stock (2 available),0
H is for Hawk,b6d3f4f4ee1f6069,Books,£57.42,£57.42,£0.00,In stock (2 available),0
Travels with Charley: In Search of America,0268f149d014b389,Books,£57.82,£57.82,£0.00,In stock (1 available),0
The Tumor,6514add13c82b115,Books,£41.56,£41.56,£0.00,In stock (1 available),0
The End of the Jesus Era (An Investigation #1),09659d1639a1f978,Books,£14.40,£14.40,£0.00,In stock (1 available),0
"Eat, Pray, Love",df56868afd166557,Books,£51.32,£51.32,£0.00,In stock (1 available),0
