Product Title,UPC,Product Type,Price (excl. tax),Price (incl. tax),Tax,Availability,Number of reviews
Unicorn Tracks,7ae099f3898e0209,Books,£18.78,£18.78,£0.00,In stock (16 available),0
"Saga, Volume 6 (Saga (Collected Editions) #6)",c849f0b2f5d6a742,Books,£25.02,£25.02,£0.00,In stock (16 available),0
Princess Between Worlds (Wide-Awake Princess #5),0e691eda369f4e09,Books,£13.34,£13.34,£0.00,In stock (16 available),0
Masks and Shadows,fa9610a50a1bf149,Books,£56.40,£56.40,£0.00,In stock (16 available),0
Crown of Midnight (Throne of Glass #2),7267864328ae8b9d,Books,£43.29,£43.29,£0.00,In stock (16 available),0
"Avatar: The Last Airbender: Smoke and Shadow, Part 3 (Smoke and Shadow #3)",6d5300b2d8f37e07,Books,£28.09,£28.09,£0.00,In stock (16 available),0
A Court of Thorns and Roses (A Court of Thorns and Roses #1),01d2001ac1e6f8a3,Books,£52.37,£52.37,£0.00,In stock (16 available),0
Throne of Glass (Throne of Glass #1),590a9cccf7db9f7d,Books,£35.07,£35.07,£0.00,In stock (15 available),0
The Glittering Court (The Glittering Court #1),2dbb7ec08cdd7f3c,Books,£44.28,£44.28,£0.00,In stock (15 available),0
Hollow City (Miss Peregrine’s Peculiar Children #2),4ce91d31c1e57c33,Books,£42.98,£42.98,£0.00,In stock (15 available),0
The Star-Touched Queen,1528279aec1f3dce,Books,£46.02,£46.02,£0.00,In stock (14 available),0
The Hidden Oracle (The Trials of Apollo #1),992974ba6a0536ea,Books,£52.26,£52.26,£0.00,In stock (14 available),0
The Bane Chronicles (The Bane Chronicles #1-11),dc6f688b82e42a5b,Books,£44.73,£44.73,£0.00,In stock (14 available),0
Island of Dragons (Unwanteds #7),2b52334fab158861,Books,£29.65,£29.65,£0.00,In stock (14 available),0
Demigods & Magicians: Percy and Annabeth Meet the Kanes (Percy Jackson & Kane Chronicles Crossover #1-3),3c6fe637a0180b01,Books,£37.51,£37.51,£0.00,In stock (14 available),0
City of Glass (The Mortal Instruments #3),966ebb738e0f9d9b,Books,£56.02,£56.02,£0.00,In stock (14 available),0
Searching for Meaning in Gailana,2f0213137a80d485,Books,£38.73,£38.73,£0.00,In stock (13 available),0
The Star-Touched Queen,4a7a25be293ad678,Books,£32.30,£32.30,£0.00,In stock (12 available),0
A Shard of Ice (The Black Symphony Saga #1),63d5f1651880dcea,Books,£56.63,£56.63,£0.00,In stock (9 available),0
King's Folly (The Kinsman Chronicles #1),4c82371b8cd02d4d,Books,£39.61,£39.61,£0.00,In stock (7 available),0
Every Heart a Doorway (Every Heart A Doorway #1),4fa75fc6829431ca,Books,£12.16,£12.16,£0.00,In stock (7 available),0
A Gathering of Shadows (Shades of Magic #2),d1378a0ad06ff979,Books,£44.81,£44.81,£0.00,In stock (7 available),0
The Raven Boys (The Raven Cycle #1),e0b3a679b83caccc,Books,£57.74,£57.74,£0.00,In stock (5 available),0
The False Prince (The Ascendance Trilogy #1),a2a9f76339d21ab1,Books,£56.00,£56.00,£0.00,In stock (5 available),0
Tell the Wind and Fire,84126312e2431a09,Books,£45.51,£45.51,£0.00,In stock (5 available),0
A Feast for Crows (A Song of Ice and Fire #4),f2c8f4b4c94d5c5c,Books,£17.21,£17.21,£0.00,In stock (5 available),0
The Demonists (Demonist #1),ff2dffba388d9922,Books,£52.11,£52.11,£0.00,In stock (4 available),0
The Beast (Black Dagger Brotherhood #14),8930013d06942df1,Books,£46.08,£46.08,£0.00,In stock (4 available),0
Paper and Fire (The Great Library #2),ae884ac655d6ee3e,Books,£49.45,£49.45,£0.00,In stock (4 available),0
Harry Potter and the Order of the Phoenix (Harry Potter #5),5a6b7155f2797537,Books,£31.63,£31.63,£0.00,In stock (4 available),0
Harry Potter and the Half-Blood Prince (Harry Potter #6),73f4f87dd936ee5c,Books,£48.75,£48.75,£0.00,In stock (4 available),0
Harry Potter and the Chamber of Secrets (Harry Potter #2),c7c4f55b7321cba7,Books,£14.74,£14.74,£0.00,In stock (4 available),0
The Rose & the Dagger (The Wrath and the Dawn #2),322a9e34d87f54b1,Books,£58.64,£58.64,£0.00,In stock (3 available),0
Soldier (Talon #3),feaaae90514eb2ac,Books,£24.72,£24.72,£0.00,In stock (3 available),0
Midnight Riot (Peter Grant/ Rivers of London - books #1),e9056f9b5a40a301,Books,£55.46,£55.46,£0.00,In stock (3 available),0
Heir to the Sky,b003f8bb02f76dc5,Books,£44.07,£44.07,£0.00,In stock (3 available),0
Eragon (The Inheritance Cycle #1),b843f52a986a2914,Books,£43.87,£43.87,£0.00,In stock (3 available),0
Darkfever (Fever #1),468bd274ac084bb9,Books,£56.02,£56.02,£0.00,In stock (3 available),0
Ash,5d22e2a46604b6e7,Books,£22.06,£22.06,£0.00,In stock (3 available),0
A Storm of Swords (A Song of Ice and Fire #3),87beabf664115d79,Books,£31.22,£31.22,£0.00,In stock (3 available),0
Vampire Girl (Vampire Girl #1),dab5e75d1339706a,Books,£53.82,£53.82,£0.00,In stock (1 available),0
The Silent Twin (Detective Jennifer Knight #3),9e9932ae1a7d0943,Books,£36.25,£36.25,£0.00,In stock (1 available),0
The Mirror & the Maze (The Wrath and the Dawn #1.5),c40b70e0f6d80189,Books,£29.38,£29.38,£0.00,In stock (1 available),0
Sister Sable (The Mad Queen #1),3a9a7c5895e82646,Books,£13.33,£13.33,£0.00,In stock (1 available),0
Shadow Rites (Jane Yellowrock #10),229cd6564bf0dce4,Books,£21.72,£21.72,£0.00,In stock (1 available),0
Origins (Alphas 0.5),8932e5c12f12ffed,Books,£28.99,£28.99,£0.00,In stock (1 available),0
One Second (Seven #7),7ea31f38675b91c1,Books,£52.94,£52.94,£0.00,In stock (1 available),0
Myriad (Prentor #1),63e20a0f98218a87,Books,£58.75,£58.75,£0.00,In stock (1 available),0
