Product Title,UPC,Product Type,Price (excl. tax),Price (incl. tax),Tax,Availability,Number of reviews
Louisa: The Extraordinary Life of Mrs. Adams,d69dd8dac66f9f84,Books,£16.85,£16.85,£0.00,In stock (15 available),0
"Setting the World on Fire: The Brief, Astonishing Life of St. Catherine of Siena",b06599b108e83f98,Books,£21.15,£21.15,£0.00,In stock (11 available),0
The Faith of Christopher Hitchens: The Restless Soul of the World's Most Notorious Atheist,57f85720e54d6442,Books,£39.55,£39.55,£0.00,In stock (7 available),0
Benjamin Franklin: An American Life,5b546a46a86a9d8c,Books,£48.19,£48.19,£0.00,In stock (7 available),0
The Rise of Theodore Roosevelt (Theodore Roosevelt #1),1a5044d233936b1a,Books,£42.57,£42.57,£0.00,In stock (3 available),0
