Product Title,UPC,Product Type,Price (excl. tax),Price (incl. tax),Tax,Availability,Number of reviews
The Requiem Red,f77dbf2323deb740,Books,£22.65,£22.65,£0.00,In stock (19 available),0
Set Me Free,ce6396b0f23f6ecc,Books,£17.46,£17.46,£0.00,In stock (19 available),0
The Natural History of Us (The Fine Art of Pretending #2),cedf82b5086e4691,Books,£45.22,£45.22,£0.00,In stock (16 available),0
Obsidian (Lux #1),3c346ab1e76ae1f6,Books,£14.86,£14.86,£0.00,In stock (16 available),0
Burning,5ceb951f629700a2,Books,£28.81,£28.81,£0.00,In stock (16 available),0
A Fierce and Subtle Poison,842790dfaa937484,Books,£28.13,£28.13,£0.00,In stock (16 available),0
Scarlett Epstein Hates It Here,1c929cfd16b71907,Books,£43.55,£43.55,£0.00,In stock (15 available),0
"Nightingale, Sing",50b8f80311b31ede,Books,£38.28,£38.28,£0.00,In stock (15 available),0
Library of Souls (Miss Peregrine’s Peculiar Children #3),ba54932df84e8cea,Books,£48.56,£48.56,£0.00,In stock (15 available),0
Frostbite (Vampire Academy #2),116a2fdc9a45bab0,Books,£29.99,£29.99,£0.00,In stock (15 available),0
Wild Swans,3fb15ace50d6142b,Books,£14.36,£14.36,£0.00,In stock (14 available),0
Until Friday Night (The Field Party #1),aba2db9afb1469c7,Books,£46.31,£46.31,£0.00,In stock (14 available),0
This Is Where It Ends,f0f38174a7e689a3,Books,£27.12,£27.12,£0.00,In stock (14 available),0
The Darkest Lie,6edacfd1f8ebb9eb,Books,£35.35,£35.35,£0.00,In stock (14 available),0
My Kind of Crazy,137b0b2775701e11,Books,£40.36,£40.36,£0.00,In stock (14 available),0
Don't Get Caught,ad2887ce04583910,Books,£55.35,£55.35,£0.00,In stock (14 available),0
Catching Jordan (Hundred Oaks),e2e7b683b4c15b7d,Books,£50.83,£50.83,£0.00,In stock (14 available),0
Aristotle and Dante Discover the Secrets of the Universe (Aristotle and Dante Discover the Secrets of the Universe #1),41164b8ac02a2c42,Books,£58.14,£58.14,£0.00,In stock (14 available),0
The Epidemic (The Program 0.6),f732d7d18a91d2ba,Books,£14.44,£14.44,£0.00,In stock (12 available),0
Stars Above (The Lunar Chronicles #4.5),b63ea3f7a57ae099,Books,£48.05,£48.05,£0.00,In stock (12 available),0
No Love Allowed (Dodge Cove #1),db84624b151cbe06,Books,£54.65,£54.65,£0.00,In stock (12 available),0
"Exit, Pursued by a Bear",c65c25d990fc7025,Books,£51.34,£51.34,£0.00,In stock (11 available),0
The Alien Club,e77594ece9b9d1fe,Books,£54.40,£54.40,£0.00,In stock (9 available),0
Don't Forget Steven,e845d305f64154f1,Books,£33.23,£33.23,£0.00,In stock (9 available),0
South of Sunshine,331c26103d885cae,Books,£28.93,£28.93,£0.00,In stock (8 available),0
My Life Next Door (My Life Next Door ),9a7291b89bd5445c,Books,£36.39,£36.39,£0.00,In stock (8 available),0
Future Shock (Future Shock #1),df6a7c43faa6732b,Books,£55.65,£55.65,£0.00,In stock (8 available),0
Nightstruck: A Novel,746029796363aa51,Books,£50.35,£50.35,£0.00,In stock (7 available),0
Tell the Wolves I'm Home,2a1b3d967cda1da2,Books,£50.96,£50.96,£0.00,In stock (6 available),0
"Will Grayson, Will Grayson (Will Grayson, Will Grayson)",e75f3ae1da1cc652,Books,£47.31,£47.31,£0.00,In stock (5 available),0
Where She Went (If I Stay #2),60369d96b7b80869,Books,£41.73,£41.73,£0.00,In stock (5 available),0
Two Summers,3a7d54a264d9f33e,Books,£14.64,£14.64,£0.00,In stock (5 available),0
The Darkest Corners,c4182bdb53e2459a,Books,£11.33,£11.33,£0.00,In stock (5 available),0
Tell Me Three Things,50d5a7b861ed1c54,Books,£41.81,£41.81,£0.00,In stock (5 available),0
Lola and the Boy Next Door (Anna and the French Kiss #2),5e1a88d248599768,Books,£23.63,£23.63,£0.00,In stock (5 available),0
Kill the Boy Band,44f545727e704187,Books,£15.52,£15.52,£0.00,In stock (5 available),0
Isla and the Happily Ever After (Anna and the French Kiss #3),45045146dbf7b009,Books,£48.13,£48.13,£0.00,In stock (5 available),0
An Abundance of Katherines,f36d24c309e87e5b,Books,£10.00,£10.00,£0.00,In stock (5 available),0
Harry Potter and the Prisoner of Azkaban (Harry Potter #3),eff24325e0ede639,Books,£24.17,£24.17,£0.00,In stock (4 available),0
Walk the Edge (Thunder Road #2),0e4e2d31c2fb3aad,Books,£32.36,£32.36,£0.00,In stock (3 available),0
Two Boys Kissing,61bc8167c9680283,Books,£32.74,£32.74,£0.00,In stock (3 available),0
The New Guy (and Other Senior Year Distractions),3e42ac0f4d43320f,Books,£44.92,£44.92,£0.00,In stock (3 available),0
"The Land of 10,000 Madonnas",35e69a79d2b1e804,Books,£29.64,£29.64,£0.00,In stock (3 available),0
Scarlet (The Lunar Chronicles #2),510832818edb6fbc,Books,£14.57,£14.57,£0.00,In stock (3 available),0
Legend (Legend #1),0ce8075fab4a2b5b,Books,£43.69,£43.69,£0.00,In stock (3 available),0
Lady Renegades (Rebel Belle #3),16e843e6b853cc2f,Books,£53.04,£53.04,£0.00,In stock (3 available),0
Golden (Heart of Dread #3),984b3b6e7479b571,Books,£42.21,£42.21,£0.00,In stock (3 available),0
Cinder (The Lunar Chronicles #1),7e9579921e5407cb,Books,£26.09,£26.09,£0.00,In stock (3 available),0
Boy Meets Boy,8e0bc2fe4e7d35b5,Books,£21.12,£21.12,£0.00,In stock (3 available),0
Annie on My Mind,7bf87402413c27ff,Books,£36.83,£36.83,£0.00,In stock (3 available),0
New Moon (Twilight #2),6fa3ea52c8e31e06,Books,£12.86,£12.86,£0.00,In stock (2 available),0
Girl Online On Tour (Girl Online #2),97b8f130d32e9f4e,Books,£53.47,£53.47,£0.00,In stock (2 available),0
The Haters,fff8a057a40c4a60,Books,£27.89,£27.89,£0.00,In stock (1 available),0
The Art of Not Breathing,5bc1fbccfbf2355c,Books,£40.83,£40.83,£0.00,In stock (1 available),0
