Product Title,UPC,Product Type,Price (excl. tax),Price (incl. tax),Tax,Availability,Number of reviews
Online Marketing for Busy Authors: A Step-By-Step Guide,9ffa38d3b832433a,Books,£46.35,£46.35,£0.00,In stock (16 available),0
How to Be Miserable: 40 Strategies You Already Use,a6f99b9e687f9d46,Books,£46.03,£46.03,£0.00,In stock (16 available),0
"Overload: How to Unplug, Unwind, and Unleash Yourself from the Pressure of Stress",8ecf0356a3878811,Books,£52.15,£52.15,£0.00,In stock (14 available),0
You Are a Badass: How to Stop Doubting Your Greatness and Start Living an Awesome Life,88ec621893e595d0,Books,£12.08,£12.08,£0.00,In stock (7 available),0
How to Stop Worrying and Start Living,e792c0969cefe1b8,Books,£46.49,£46.49,£0.00,In stock (6 available),0
