Product Title,UPC,Product Type,Price (excl. tax),Price (incl. tax),Tax,Availability,Number of reviews
"The Bulletproof Diet: Lose up to a Pound a Day, Reclaim Energy and Focus, Upgrade Your Life",43c6a960757cf559,Books,£49.05,£49.05,£0.00,In stock (16 available),0
"Eat Fat, Get Thin",047dfa57ba0bf638,Books,£54.07,£54.07,£0.00,In stock (14 available),0
10-Day Green Smoothie Cleanse: Lose Up to 15 Pounds in 10 Days!,96aa539bfd4c07e2,Books,£49.71,£49.71,£0.00,In stock (10 available),0
The Art and Science of Low Carbohydrate Living,f9c87ccb2bc4853b,Books,£52.98,£52.98,£0.00,In stock (9 available),0
