Product Title,UPC,Product Type,Price (excl. tax),Price (incl. tax),Tax,Availability,Number of reviews
Redeeming Love,b53db2271c9624f7,Books,£20.47,£20.47,£0.00,In stock (15 available),0
Close to You,a57b1dcbd6849222,Books,£49.46,£49.46,£0.00,In stock (15 available),0
Shadows of the Past (Logan Point #1),bee6e93e9976f4fa,Books,£39.67,£39.67,£0.00,In stock (8 available),0
Like Never Before (Walker Family #2),b6670507e85b30e6,Books,£28.77,£28.77,£0.00,In stock (7 available),0
Counted With the Stars (Out from Egypt #1),4807043b8218e9ce,Books,£17.97,£17.97,£0.00,In stock (7 available),0
If I Run (If I Run #1),61569d12d4ae7161,Books,£49.97,£49.97,£0.00,In stock (3 available),0
