Product Title,UPC,Product Type,Price (excl. tax),Price (incl. tax),Tax,Availability,Number of reviews
The Four Agreements: A Practical Guide to Personal Freedom,6258a1f6a6dcfe50,Books,£17.66,£17.66,£0.00,In stock (18 available),0
The Activist's Tao Te Ching: Ancient Advice for a Modern Revolution,7d6d2a6c0276f81b,Books,£32.24,£32.24,£0.00,In stock (16 available),0
Chasing Heaven: What Dying Taught Me About Living,513271dadc1322ae,Books,£37.80,£37.80,£0.00,In stock (15 available),0
If I Gave You God's Phone Number....: Searching for Spirituality in America,8fab4c4f6f82a4ce,Books,£20.91,£20.91,£0.00,In stock (9 available),0
Unreasonable Hope: Finding Faith in the God Who Brings Purpose to Your Pain,48cb52d78c992487,Books,£46.33,£46.33,£0.00,In stock (7 available),0
A New Earth: Awakening to Your Life's Purpose,f6ae39568db1130e,Books,£55.65,£55.65,£0.00,In stock (4 available),0
