Product Title,UPC,Product Type,Price (excl. tax),Price (incl. tax),Tax,Availability,Number of reviews
Chase Me (Paris Nights #2),c2e46a2ee3b4a322,Books,£25.27,£25.27,£0.00,In stock (19 available),0
Black Dust,00bfed9e18bb36f3,Books,£34.53,£34.53,£0.00,In stock (19 available),0
Her Backup Boyfriend (The Sorensen Family #1),2a97cffe61c3c4c7,Books,£33.97,£33.97,£0.00,In stock (16 available),0
First and First (Five Boroughs #3),9e28048cea8d41f7,Books,£15.97,£15.97,£0.00,In stock (16 available),0
Fifty Shades Darker (Fifty Shades #2),7add3f8e49ec0826,Books,£21.96,£21.96,£0.00,In stock (16 available),0
The Wedding Dress,623e1a180426039b,Books,£24.12,£24.12,£0.00,In stock (15 available),0
Suddenly in Love (Lake Haven #1),203b7f94b7d6115f,Books,£55.99,£55.99,£0.00,In stock (15 available),0
Something More Than This,ca71e72655bece85,Books,£16.24,£16.24,£0.00,In stock (15 available),0
Doing It Over (Most Likely To #1),3a11bb962ff45b78,Books,£35.61,£35.61,£0.00,In stock (15 available),0
The Wedding Pact (The O'Malleys #2),c5cb9f885d8b3621,Books,£32.61,£32.61,£0.00,In stock (14 available),0
Hold Your Breath (Search and Rescue #1),0b165bd4b9f42fd5,Books,£28.82,£28.82,£0.00,In stock (14 available),0
Dirty (Dive Bar #1),df7e628bad5782b4,Books,£40.83,£40.83,£0.00,In stock (12 available),0
Take Me Home Tonight (Rock Star Romance #3),cf62fa272b5f0fa3,Books,£53.98,£53.98,£0.00,In stock (11 available),0
Off the Hook (Fishing for Trouble #1),b783ce08802cd1d1,Books,£47.67,£47.67,£0.00,In stock (11 available),0
A Gentleman's Position (Society of Gentlemen #3),40c4bf520c17de54,Books,£14.75,£14.75,£0.00,In stock (11 available),0
"Sit, Stay, Love",bd087cf6a846db75,Books,£20.90,£20.90,£0.00,In stock (7 available),0
A Girl's Guide to Moving On (New Beginnings #2),cf3b86489890b9f2,Books,£31.30,£31.30,£0.00,In stock (5 available),0
The Perfect Play (Play by Play #1),9cc207168a03470d,Books,£59.99,£59.99,£0.00,In stock (4 available),0
Dark Lover (Black Dagger Brotherhood #1),2b69d289279aabfd,Books,£12.87,£12.87,£0.00,In stock (4 available),0
Changing the Game (Play by Play #2),aaebac5fda798b1b,Books,£13.38,£13.38,£0.00,In stock (4 available),0
A Walk to Remember,aead11697d14ea36,Books,£56.43,£56.43,£0.00,In stock (4 available),0
The Purest Hook (Second Circle Tattoos #3),969f6c7e86554814,Books,£12.25,£12.25,£0.00,In stock (3 available),0
The Obsession,ee441c8e027caa66,Books,£45.43,£45.43,£0.00,In stock (3 available),0
Reservations for Two,ecdf73ee66c33b17,Books,£11.10,£11.10,£0.00,In stock (3 available),0
Best of My Love (Fool's Gold #20),67dea6c75d6a1075,Books,£27.41,£27.41,£0.00,In stock (3 available),0
Where Lightning Strikes (Bleeding Stars #3),def389ddfda6991b,Books,£39.77,£39.77,£0.00,In stock (1 available),0
This One Moment (Pushing Limits #1),d6d98d3508c30f57,Books,£48.71,£48.71,£0.00,In stock (1 available),0
"Rhythm, Chord & Malykhin",9efb397067eb7e8a,Books,£28.34,£28.34,£0.00,In stock (1 available),0
My Perfect Mistake (Over the Top #1),fd78f89878479f56,Books,£38.92,£38.92,£0.00,In stock (1 available),0
Listen to Me (Fusion #1),6e712ea24e77bd96,Books,£58.99,£58.99,£0.00,In stock (1 available),0
Imperfect Harmony,f28f7299d38c0932,Books,£34.74,£34.74,£0.00,In stock (1 available),0
Fighting Fate (Fighting #6),6390772a3094939d,Books,£39.24,£39.24,£0.00,In stock (1 available),0
Deep Under (Walker Security #1),0072b94dfa30608e,Books,£47.09,£47.09,£0.00,In stock (1 available),0
Charity's Cross (Charles Towne Belles #4),a96404cb928895f3,Books,£41.24,£41.24,£0.00,In stock (1 available),0
Bounty (Colorado Mountain #7),abc0b15f2c907ff0,Books,£37.26,£37.26,£0.00,In stock (1 available),0
