Product Title,UPC,Product Type,Price (excl. tax),Price (incl. tax),Tax,Availability,Number of reviews
Scott Pilgrim's Precious Little Life (Scott Pilgrim #1),3b1c02bac2a429e6,Books,£52.29,£52.29,£0.00,In stock (19 available),0
Tsubasa: WoRLD CHRoNiCLE 2 (Tsubasa WoRLD CHRoNiCLE #2),09555be379ad9253,Books,£16.28,£16.28,£0.00,In stock (16 available),0
This One Summer,51653ef291ab7ddc,Books,£19.49,£19.49,£0.00,In stock (16 available),0
The Nameless City (The Nameless City #1),7d385d34d12e60ff,Books,£38.16,£38.16,£0.00,In stock (16 available),0
"Saga, Volume 5 (Saga (Collected Editions) #5)",53a3d11bb568cc8b,Books,£51.04,£51.04,£0.00,In stock (16 available),0
"Rat Queens, Vol. 3: Demons (Rat Queens (Collected Editions) #11-15)",c82a3e358c773c73,Books,£50.40,£50.40,£0.00,In stock (16 available),0
"Princess Jellyfish 2-in-1 Omnibus, Vol. 01 (Princess Jellyfish 2-in-1 Omnibus #1)",0fa6dceead7ce47a,Books,£13.61,£13.61,£0.00,In stock (16 available),0
"Pop Gun War, Volume 1: Gift",e80f8e518b300dfe,Books,£18.97,£18.97,£0.00,In stock (16 available),0
Patience,9429b4d59c537af5,Books,£10.16,£10.16,£0.00,In stock (16 available),0
"Outcast, Vol. 1: A Darkness Surrounds Him (Outcast #1)",889139b8e9c4cb36,Books,£15.44,£15.44,£0.00,In stock (16 available),0
orange: The Complete Collection 1 (orange: The Complete Collection #1),11809b1d323b3057,Books,£48.41,£48.41,£0.00,In stock (16 available),0
"Lumberjanes, Vol. 2: Friendship to the Max (Lumberjanes #5-8)",460089f796fb3f82,Books,£46.91,£46.91,£0.00,In stock (16 available),0
"Lumberjanes, Vol. 1: Beware the Kitten Holy (Lumberjanes #1-4)",b6ee99bcf06fc91f,Books,£45.61,£45.61,£0.00,In stock (16 available),0
Lumberjanes Vol. 3: A Terrible Plan (Lumberjanes #9-12),57e5a4d515c8ce44,Books,£19.92,£19.92,£0.00,In stock (16 available),0
"I Hate Fairyland, Vol. 1: Madly Ever After (I Hate Fairyland (Compilations) #1-5)",8d4eefad7a2b3915,Books,£29.17,£29.17,£0.00,In stock (16 available),0
I am a Hero Omnibus Volume 1,1c89ae5bb804e4de,Books,£54.63,£54.63,£0.00,In stock (16 available),0
"Giant Days, Vol. 2 (Giant Days #5-8)",f2df3bb043a8abb0,Books,£22.11,£22.11,£0.00,In stock (16 available),0
Danganronpa Volume 1,09b6cc87e62c2c58,Books,£51.99,£51.99,£0.00,In stock (16 available),0
"Codename Baboushka, Volume 1: The Conclave of Death",8754c83ab2a7ae71,Books,£36.72,£36.72,£0.00,In stock (16 available),0
Camp Midnight,7b599c8bfcdd8d30,Books,£17.08,£17.08,£0.00,In stock (16 available),0
"Bitch Planet, Vol. 1: Extraordinary Machine (Bitch Planet (Collected Editions))",bdf415fd484ea8a7,Books,£37.92,£37.92,£0.00,In stock (16 available),0
The Shadow Hero (The Shadow Hero),d6361d16212664ed,Books,£33.14,£33.14,£0.00,In stock (15 available),0
"Fables, Vol. 1: Legends in Exile (Fables #1)",65d034adf80834b7,Books,£41.62,£41.62,£0.00,In stock (15 available),0
Batman: The Long Halloween (Batman),7edc0527cf782e19,Books,£36.50,£36.50,£0.00,In stock (15 available),0
Batman: The Dark Knight Returns (Batman),47271d8e08b5d31c,Books,£15.38,£15.38,£0.00,In stock (15 available),0
"Wonder Woman: Earth One, Volume One (Wonder Woman: Earth One #1)",047097293bb4d1c0,Books,£37.34,£37.34,£0.00,In stock (14 available),0
"We Are Robin, Vol. 1: The Vigilante Business (We Are Robin #1)",92275cedf6d8ee15,Books,£53.90,£53.90,£0.00,In stock (14 available),0
Through the Woods,6e44bcbeac7f4360,Books,£25.38,£25.38,£0.00,In stock (14 available),0
Superman Vol. 1: Before Truth (Superman by Gene Luen Yang #1),ac8e3949d284e9a9,Books,£11.89,£11.89,£0.00,In stock (14 available),0
"So Cute It Hurts!!, Vol. 6 (So Cute It Hurts!! #6)",394f6d30cafc3edb,Books,£35.43,£35.43,£0.00,In stock (14 available),0
Robin War,85b2176b3b194030,Books,£47.82,£47.82,£0.00,In stock (14 available),0
"Red Hood/Arsenal, Vol. 1: Open for Business (Red Hood/Arsenal #1)",31e2e2d9cca3778f,Books,£25.48,£25.48,£0.00,In stock (14 available),0
"Naruto (3-in-1 Edition), Vol. 14: Includes Vols. 40, 41 & 42 (Naruto: Omnibus #14)",71e36f33981ddb74,Books,£38.39,£38.39,£0.00,In stock (14 available),0
Lowriders to the Center of the Earth (Lowriders in Space #2),a10c7515834240f3,Books,£51.51,£51.51,£0.00,In stock (14 available),0
El Deafo,27c5968fe43cc06e,Books,£57.62,£57.62,£0.00,In stock (14 available),0
Batman: Europa,bf68dcb5fad3cc8c,Books,£32.01,£32.01,£0.00,In stock (14 available),0
Art Ops Vol. 1,ffdc825785c0ede8,Books,£48.80,£48.80,£0.00,In stock (14 available),0
"Adulthood Is a Myth: A ""Sarah's Scribbles"" Collection",5319169a72714c62,Books,£10.90,£10.90,£0.00,In stock (14 available),0
"Fruits Basket, Vol. 9 (Fruits Basket #9)",97187f5cf0385da3,Books,£33.95,£33.95,£0.00,In stock (9 available),0
Roller Girl,aeb51dfbe8aeec59,Books,£14.10,£14.10,£0.00,In stock (8 available),0
"Fruits Basket, Vol. 7 (Fruits Basket #7)",de6d7645f192d517,Books,£19.57,£19.57,£0.00,In stock (7 available),0
"Fruits Basket, Vol. 6 (Fruits Basket #6)",97258f576d4bb672,Books,£20.96,£20.96,£0.00,In stock (6 available),0
"Death Note, Vol. 6: Give-and-Take (Death Note #6)",6e06d0f00f6da20f,Books,£36.39,£36.39,£0.00,In stock (6 available),0
"Fruits Basket, Vol. 5 (Fruits Basket #5)",3fd83dcf37bf1bc0,Books,£16.33,£16.33,£0.00,In stock (5 available),0
"Death Note, Vol. 5: Whiteout (Death Note #5)",1c0a38899c82b60a,Books,£52.41,£52.41,£0.00,In stock (5 available),0
"The Demon Prince of Momochi House, Vol. 4 (The Demon Prince of Momochi House #4)",df53c2948b32bde3,Books,£27.88,£27.88,£0.00,In stock (4 available),0
"Fruits Basket, Vol. 4 (Fruits Basket #4)",8fff1084aa085a13,Books,£50.44,£50.44,£0.00,In stock (4 available),0
"The Wicked + The Divine, Vol. 3: Commercial Suicide (The Wicked + The Divine)",a33ed2e6068df53e,Books,£14.41,£14.41,£0.00,In stock (3 available),0
"The Sandman, Vol. 3: Dream Country (The Sandman (volumes) #3)",91eb9605998a7c03,Books,£55.55,£55.55,£0.00,In stock (3 available),0
"Saga, Volume 3 (Saga (Collected Editions) #3)",7b870bf85d01c2dc,Books,£21.57,£21.57,£0.00,In stock (3 available),0
Prodigy: The Graphic Novel (Legend: The Graphic Novel #2),9707989a439757b4,Books,£43.63,£43.63,£0.00,In stock (3 available),0
Persepolis: The Story of a Childhood (Persepolis #1-2),cb62418129b864a3,Books,£39.13,£39.13,£0.00,In stock (3 available),0
Original Fake,c59283b05905c853,Books,£31.45,£31.45,£0.00,In stock (3 available),0
"Grayson, Vol 3: Nemesis (Grayson #3)",4f6985aca357ae09,Books,£42.72,£42.72,£0.00,In stock (3 available),0
"Fruits Basket, Vol. 3 (Fruits Basket #3)",d5f5a122a593b580,Books,£45.17,£45.17,£0.00,In stock (3 available),0
"Black Butler, Vol. 1 (Black Butler #1)",15f415d436888b2d,Books,£49.31,£49.31,£0.00,In stock (3 available),0
Awkward,1d89a2aa9f6ce50f,Books,£38.02,£38.02,£0.00,In stock (3 available),0
"The Sandman, Vol. 2: The Doll's House (The Sandman (volumes) #2)",276dc716b1da8899,Books,£54.81,£54.81,£0.00,In stock (2 available),0
"Saga, Volume 2 (Saga (Collected Editions) #2)",9189fd009df41d0e,Books,£11.75,£11.75,£0.00,In stock (2 available),0
"Fruits Basket, Vol. 2 (Fruits Basket #2)",c0db71f6bb14db11,Books,£11.64,£11.64,£0.00,In stock (2 available),0
"Y: The Last Man, Vol. 1: Unmanned (Y: The Last Man #1)",09d26b5f819c6a36,Books,£18.51,£18.51,£0.00,In stock (1 available),0
"The Wicked + The Divine, Vol. 1: The Faust Act (The Wicked + The Divine)",dac9d1e654fac737,Books,£36.52,£36.52,£0.00,In stock (1 available),0
"The Sandman, Vol. 1: Preludes and Nocturnes (The Sandman (volumes) #1)",5faefdc861684eb1,Books,£54.12,£54.12,£0.00,In stock (1 available),0
The Complete Maus (Maus #1-2),3301af038a720587,Books,£10.64,£10.64,£0.00,In stock (1 available),0
"Skip Beat!, Vol. 01 (Skip Beat! #1)",2ac720f76384c57e,Books,£42.12,£42.12,£0.00,In stock (1 available),0
"Saga, Volume 1 (Saga (Collected Editions) #1)",4f64568dfefa3ce7,Books,£28.48,£28.48,£0.00,In stock (1 available),0
"Rat Queens, Vol. 1: Sass & Sorcery (Rat Queens (Collected Editions) #1-5)",3cdca3b4a93980f5,Books,£46.96,£46.96,£0.00,In stock (1 available),0
"Paper Girls, Vol. 1 (Paper Girls #1-5)",bcbcbcf0f6ed196f,Books,£21.71,£21.71,£0.00,In stock (1 available),0
"Ouran High School Host Club, Vol. 1 (Ouran High School Host Club #1)",326825e02a198cf6,Books,£29.87,£29.87,£0.00,In stock (1 available),0
"Ms. Marvel, Vol. 1: No Normal (Ms. Marvel (2014-2015) #1)",35a60467893aa168,Books,£39.39,£39.39,£0.00,In stock (1 available),0
"Hawkeye, Vol. 1: My Life as a Weapon (Hawkeye #1)",6fe02600f322a0a9,Books,£45.24,£45.24,£0.00,In stock (1 available),0
"Giant Days, Vol. 1 (Giant Days #1-4)",eb0fe24bbc845ecc,Books,£56.76,£56.76,£0.00,In stock (1 available),0
"Fruits Basket, Vol. 1 (Fruits Basket #1)",72e6fbf4f6382557,Books,£40.28,£40.28,£0.00,In stock (1 available),0
"Bleach, Vol. 1: Strawberry and the Soul Reapers (Bleach #1)",099fae4a0705d63b,Books,£34.65,£34.65,£0.00,In stock (1 available),0
"Ajin: Demi-Human, Volume 1 (Ajin: Demi-Human #1)",bfd5e1701c862ac3,Books,£57.06,£57.06,£0.00,In stock (1 available),0
