Product Title,UPC,Product Type,Price (excl. tax),Price (incl. tax),Tax,Availability,Number of reviews
The Book of Basketball: The NBA According to The Sports Guy,08decd9664e5d56e,Books,£44.84,£44.84,£0.00,In stock (3 available),0
"Friday Night Lights: A Town, a Team, and a Dream",a9aa3ed5b316470b,Books,£51.22,£51.22,£0.00,In stock (3 available),0
Sugar Rush (Offensive Line #2),ce42e3de94226b2b,Books,£24.42,£24.42,£0.00,In stock (2 available),0
Settling the Score (The Summer Games #1),132adf7335bb384a,Books,£44.91,£44.91,£0.00,In stock (1 available),0
Icing (Aces Hockey #2),3455b45888fb5053,Books,£40.44,£40.44,£0.00,In stock (1 available),0
