Product Title,UPC,Product Type,Price (excl. tax),Price (incl. tax),Tax,Availability,Number of reviews
The Argonauts,c99761a700ade23f,Books,£10.93,£10.93,£0.00,In stock (15 available),0
M Train,5569c3fea112718e,Books,£27.18,£27.18,£0.00,In stock (11 available),0
Lab Girl,825d6c44da3ca5a6,Books,£40.85,£40.85,£0.00,In stock (11 available),0
Approval Junkie: Adventures in Caring Too Much,612369a5947a012e,Books,£58.81,£58.81,£0.00,In stock (5 available),0
Running with Scissors,28921443f052bea6,Books,£12.91,£12.91,£0.00,In stock (3 available),0
Me Talk Pretty One Day,abc4a7ee16c21088,Books,£57.60,£57.60,£0.00,In stock (3 available),0
Lust & Wonder,0dcadb06206abd3c,Books,£11.87,£11.87,£0.00,In stock (3 available),0
Life Without a Recipe,c53d9fefcda371e9,Books,£59.04,£59.04,£0.00,In stock (3 available),0
A Heartbreaking Work of Staggering Genius,c9770bb1d5a492a0,Books,£54.29,£54.29,£0.00,In stock (3 available),0
